,Month of absence,Day of the week,Transportation expense,Distance from Residence to Work,Service time,Age,Work load Average/day ,Hit target,Disciplinary failure,Son,Pet,Body mass index,Absenteeism time in hours,Reason for absence_0,Reason for absence_1,Reason for absence_2,Seasons_1,Seasons_2,Seasons_3,Seasons_4
0,7,3,289,36,13,33,239.554,97,0,2,1,30,4,0,0,1,1,0,0,0
1,7,3,118,13,18,50,239.554,97,1,1,0,31,0,1,0,0,1,0,0,0
2,7,4,179,51,18,38,239.554,97,0,0,0,31,2,0,0,1,1,0,0,0
3,7,5,279,5,14,39,239.554,97,0,2,0,24,4,0,1,0,1,0,0,0
4,7,5,289,36,13,33,239.554,97,0,2,1,30,2,0,0,1,1,0,0,0
5,7,6,179,51,18,38,239.554,97,0,0,0,31,2,0,0,1,1,0,0,0
6,7,6,361,52,3,28,239.554,97,0,1,4,27,8,0,0,1,1,0,0,0
7,7,6,260,50,11,36,239.554,97,0,4,0,23,4,0,0,1,1,0,0,0
9,7,2,235,11,14,37,239.554,97,0,1,1,29,8,0,0,1,1,0,0,0
10,7,2,260,50,11,36,239.554,97,0,4,0,23,8,0,1,0,1,0,0,0
11,7,3,260,50,11,36,239.554,97,0,4,0,23,8,0,1,0,1,0,0,0
12,7,4,260,50,11,36,239.554,97,0,4,0,23,8,0,1,0,1,0,0,0
13,7,4,179,51,18,38,239.554,97,0,0,0,31,1,0,1,0,1,0,0,0
14,7,4,179,51,18,38,239.554,97,0,0,0,31,4,0,0,1,1,0,0,0
15,7,6,246,25,16,41,239.554,97,0,0,0,23,8,0,1,0,1,0,0,0
16,7,6,179,51,18,38,239.554,97,0,0,0,31,2,0,0,1,1,0,0,0
17,7,2,179,51,18,38,239.554,97,0,0,0,31,8,0,1,0,1,0,0,0
18,7,5,189,29,13,33,239.554,97,0,2,2,25,8,0,1,0,1,0,0,0
19,8,4,248,25,14,47,205.917,92,0,2,1,32,2,0,0,1,1,0,0,0
20,8,4,330,16,4,28,205.917,92,0,0,0,25,8,0,1,0,1,0,0,0
21,8,2,179,51,18,38,205.917,92,0,0,0,31,1,0,1,0,1,0,0,0
23,8,6,260,50,11,36,205.917,92,0,4,0,23,4,0,0,1,1,0,0,0
24,8,2,289,36,13,33,205.917,92,0,2,1,30,8,0,1,0,1,0,0,0
25,8,2,361,52,3,28,205.917,92,0,1,4,27,7,0,0,1,1,0,0,0
26,8,3,289,36,13,33,205.917,92,0,2,1,30,1,0,0,1,1,0,0,0
27,8,4,157,27,6,29,205.917,92,0,0,0,22,4,0,0,1,1,0,0,0
28,8,4,289,36,13,33,205.917,92,0,2,1,30,8,0,1,0,1,0,0,0
29,8,6,179,51,18,38,205.917,92,0,0,0,31,2,0,0,1,1,0,0,0
30,8,2,179,51,18,38,205.917,92,0,0,0,31,8,0,1,0,1,0,0,0
31,8,5,235,29,12,48,205.917,92,0,1,5,33,8,0,1,0,1,0,0,0
32,8,5,235,11,14,37,205.917,92,0,1,1,29,4,0,0,1,1,0,0,0
33,8,2,235,29,12,48,205.917,92,0,1,5,33,8,0,1,0,1,0,0,0
34,8,2,179,51,18,38,205.917,92,0,0,0,31,2,0,0,1,1,0,0,0
35,8,2,361,52,3,28,205.917,92,0,1,4,27,1,0,0,1,1,0,0,0
36,8,3,289,36,13,33,205.917,92,0,2,1,30,8,0,0,1,1,0,0,0
37,8,5,291,50,12,32,205.917,92,0,0,0,23,4,0,1,0,1,0,0,0
38,8,6,235,29,12,48,205.917,92,0,1,5,33,8,0,0,1,1,0,0,0
39,8,6,260,50,11,36,205.917,92,0,4,0,23,4,0,0,1,1,0,0,0
40,9,3,184,42,7,27,241.476,92,0,0,0,21,2,0,0,1,1,0,0,0
41,9,2,118,10,10,37,241.476,92,0,0,0,28,4,0,0,1,1,0,0,0
42,9,3,179,51,18,38,241.476,92,0,0,0,31,4,0,0,1,1,0,0,0
43,9,3,235,20,13,43,241.476,92,0,1,0,38,8,0,1,0,1,0,0,0
44,9,4,155,12,14,34,241.476,92,0,2,0,25,2,0,0,1,1,0,0,0
45,9,2,118,10,10,37,241.476,92,0,0,0,28,3,0,0,1,1,0,0,0
46,9,3,179,51,18,38,241.476,92,0,0,0,31,3,0,0,1,1,0,0,0
47,9,5,291,31,12,40,241.476,92,0,1,1,25,4,0,0,1,1,0,0,0
48,9,6,260,50,11,36,241.476,92,0,4,0,23,8,0,0,1,1,0,0,0
50,9,2,260,50,11,36,241.476,92,1,4,0,23,0,1,0,0,0,0,0,1
51,9,2,225,26,9,28,241.476,92,1,1,2,24,0,1,0,0,0,0,0,1
52,9,3,225,26,9,28,241.476,92,0,1,2,24,2,0,0,1,0,0,0,1
53,9,3,118,10,10,37,241.476,92,0,0,0,28,2,0,0,1,0,0,0,1
54,9,3,289,36,13,33,241.476,92,1,2,1,30,0,1,0,0,0,0,0,1
55,9,3,118,13,18,50,241.476,92,1,1,0,31,0,1,0,0,0,0,0,1
56,9,4,225,26,9,28,241.476,92,0,1,2,24,3,0,1,0,0,0,0,1
57,9,4,179,51,18,38,241.476,92,0,0,0,31,3,0,0,1,0,0,0,1
58,9,4,369,17,12,31,241.476,92,1,3,0,25,0,1,0,0,0,0,0,1
59,9,6,248,25,14,47,241.476,92,0,2,1,32,1,0,0,1,0,0,0,1
60,9,6,179,51,18,38,241.476,92,0,0,0,31,3,0,0,1,0,0,0,1
61,9,6,260,50,11,36,241.476,92,0,4,0,23,4,0,0,1,0,0,0,1
62,10,3,179,51,18,38,253.465,93,0,0,0,31,3,0,0,1,0,0,0,1
63,10,3,118,10,10,37,253.465,93,0,0,0,28,3,0,0,1,0,0,0,1
64,10,4,118,13,18,50,253.465,93,1,1,0,31,0,1,0,0,0,0,0,1
65,10,5,179,26,9,30,253.465,93,0,0,0,19,1,0,0,1,0,0,0,1
66,10,6,179,51,18,38,253.465,93,0,0,0,31,3,0,0,1,0,0,0,1
67,10,6,225,26,9,28,253.465,93,0,1,2,24,3,0,0,1,0,0,0,1
68,10,3,118,10,10,37,253.465,93,0,0,0,28,3,0,0,1,0,0,0,1
69,10,4,225,26,9,28,253.465,93,0,1,2,24,2,0,0,1,0,0,0,1
70,10,4,248,25,14,47,253.465,93,0,2,1,32,2,0,0,1,0,0,0,1
71,10,5,291,31,12,40,253.465,93,0,1,1,25,5,0,0,1,0,0,0,1
72,10,4,179,51,18,38,253.465,93,0,0,0,31,8,0,0,1,0,0,0,1
73,10,4,225,26,9,28,253.465,93,0,1,2,24,3,0,0,1,0,0,0,1
74,10,5,260,50,11,36,253.465,93,0,4,0,23,16,0,1,0,0,0,0,1
75,10,3,291,31,12,40,253.465,93,0,1,1,25,8,0,1,0,0,0,0,1
76,10,3,225,26,9,28,253.465,93,0,1,2,24,2,0,0,1,0,0,0,1
77,10,4,289,36,13,33,253.465,93,0,2,1,30,8,0,0,1,0,0,0,1
78,10,6,361,52,3,28,253.465,93,0,1,4,27,1,0,0,1,0,0,0,1
79,10,6,260,50,11,36,253.465,93,0,4,0,23,3,0,0,1,0,0,0,1
80,11,5,179,51,18,38,306.345,93,0,0,0,31,1,0,0,1,0,0,0,1
81,11,4,225,26,9,28,306.345,93,0,1,2,24,1,0,0,1,0,0,0,1
82,11,5,179,51,18,38,306.345,93,0,0,0,31,8,0,1,0,0,0,0,1
83,11,5,179,22,17,40,306.345,93,0,2,0,22,8,0,1,0,0,0,0,1
84,11,5,291,31,12,40,306.345,93,0,1,1,25,5,0,0,1,0,0,0,1
86,11,2,189,29,13,33,306.345,93,0,2,2,25,8,0,0,1,0,0,0,1
88,11,4,225,26,9,28,306.345,93,0,1,2,24,1,0,0,1,0,0,0,1
89,11,6,155,12,14,34,306.345,93,0,2,0,25,8,0,1,0,0,0,0,1
90,11,4,225,26,9,28,306.345,93,0,1,2,24,3,0,0,1,0,0,0,1
91,11,4,179,22,17,40,306.345,93,0,2,0,22,8,0,1,0,0,0,0,1
92,11,6,225,26,9,28,306.345,93,0,1,2,24,3,0,1,0,0,0,0,1
93,11,6,260,50,11,36,306.345,93,0,4,0,23,4,0,0,1,0,0,0,1
94,11,2,248,25,14,47,306.345,93,0,2,1,32,1,0,0,1,0,0,0,1
95,11,3,225,26,9,28,306.345,93,0,1,2,24,3,0,0,1,0,0,0,1
96,11,4,289,36,13,33,306.345,93,0,2,1,30,24,0,1,0,0,0,0,1
97,11,5,291,31,12,40,306.345,93,0,1,1,25,3,0,0,1,0,0,0,1
98,12,3,248,25,14,47,261.306,97,0,2,1,32,1,0,0,1,0,0,0,1
100,12,4,118,13,18,50,261.306,97,0,1,0,31,2,0,0,1,0,0,0,1
101,12,4,235,11,14,37,261.306,97,0,1,1,29,8,0,0,1,0,0,0,1
102,12,5,225,26,9,28,261.306,97,0,1,2,24,2,0,0,1,0,0,0,1
103,12,6,260,50,11,36,261.306,97,0,4,0,23,8,0,0,1,0,0,0,1
105,12,4,361,52,3,28,261.306,97,0,1,4,27,8,0,0,1,0,0,0,1
106,12,5,225,26,9,28,261.306,97,0,1,2,24,3,0,0,1,0,0,0,1
107,12,6,260,50,11,36,261.306,97,0,4,0,23,3,0,0,1,0,0,0,1
108,12,3,225,26,9,28,261.306,97,0,1,2,24,2,0,0,1,0,0,0,1
109,12,4,361,52,3,28,261.306,97,0,1,4,27,8,0,0,1,0,0,0,1
110,12,6,118,10,10,37,261.306,97,0,0,0,28,2,0,0,1,0,0,0,1
111,12,6,246,25,16,41,261.306,97,0,0,0,23,8,0,1,0,0,1,0,0
112,12,6,225,26,9,28,261.306,97,0,1,2,24,2,0,0,1,0,1,0,0
113,1,4,225,26,9,28,308.593,95,0,1,2,24,1,0,0,1,0,1,0,0
114,1,2,118,10,10,37,308.593,95,0,0,0,28,1,0,1,0,0,1,0,0
115,1,3,118,10,10,37,308.593,95,0,0,0,28,1,0,0,1,0,1,0,0
116,1,3,155,12,14,34,308.593,95,0,2,0,25,8,0,1,0,0,1,0,0
117,1,4,225,26,9,28,308.593,95,0,1,2,24,2,0,0,1,0,1,0,0
118,1,5,184,42,7,27,308.593,95,0,0,0,21,2,0,0,1,0,1,0,0
119,1,5,225,26,9,28,308.593,95,0,1,2,24,2,0,0,1,0,1,0,0
120,1,6,225,26,9,28,308.593,95,0,1,2,24,1,0,0,1,0,1,0,0
121,1,2,118,10,10,37,308.593,95,0,0,0,28,2,0,0,1,0,1,0,0
122,1,3,225,26,9,28,308.593,95,0,1,2,24,2,0,0,1,0,1,0,0
123,1,3,118,10,10,37,308.593,95,0,0,0,28,2,0,0,1,0,1,0,0
124,1,4,118,10,10,37,308.593,95,0,0,0,28,2,0,0,1,0,1,0,0
125,1,5,118,10,10,37,308.593,95,0,0,0,28,2,0,0,1,0,1,0,0
126,1,6,118,10,10,37,308.593,95,0,0,0,28,2,0,0,1,0,1,0,0
127,1,2,118,10,10,37,308.593,95,0,0,0,28,2,0,0,1,0,1,0,0
128,1,3,118,10,10,37,308.593,95,0,0,0,28,2,0,0,1,0,1,0,0
129,1,3,179,26,9,30,308.593,95,0,0,0,19,8,0,1,0,0,1,0,0
130,1,3,289,36,13,33,308.593,95,0,2,1,30,8,0,1,0,0,1,0,0
131,1,4,118,10,10,37,308.593,95,0,0,0,28,2,0,0,1,0,1,0,0
132,1,5,184,42,7,27,308.593,95,0,0,0,21,2,0,0,1,0,1,0,0
133,1,5,118,10,10,37,308.593,95,0,0,0,28,2,0,0,1,0,1,0,0
134,1,2,118,10,10,37,308.593,95,0,0,0,28,0,0,0,1,0,1,0,0
135,1,3,225,26,9,28,308.593,95,0,1,2,24,1,0,0,1,0,1,0,0
136,1,5,289,36,13,33,308.593,95,0,2,1,30,3,0,0,1,0,1,0,0
137,2,6,184,42,7,27,302.585,99,0,0,0,21,1,0,0,1,0,1,0,0
138,2,4,246,25,16,41,302.585,99,0,0,0,23,8,0,1,0,0,1,0,0
139,2,4,179,51,18,38,302.585,99,0,0,0,31,8,0,1,0,0,1,0,0
140,2,5,155,12,14,34,302.585,99,0,2,0,25,2,0,0,1,0,1,0,0
141,2,5,189,29,13,33,302.585,99,0,2,2,25,8,0,0,1,0,1,0,0
142,2,6,260,50,11,36,302.585,99,0,4,0,23,2,0,0,1,0,1,0,0
143,2,6,289,36,13,33,302.585,99,0,2,1,30,8,0,0,1,0,1,0,0
144,2,2,388,15,9,50,302.585,99,0,0,0,24,8,0,1,0,0,1,0,0
145,2,3,388,15,9,50,302.585,99,0,0,0,24,8,0,1,0,0,1,0,0
146,2,2,225,26,9,28,302.585,99,0,1,2,24,2,0,0,1,0,1,0,0
147,2,3,225,26,9,28,302.585,99,0,1,2,24,2,0,0,1,0,1,0,0
148,2,3,179,26,9,30,302.585,99,0,0,0,19,1,0,0,1,0,1,0,0
149,2,3,184,42,7,27,302.585,99,0,0,0,21,8,0,0,1,0,1,0,0
150,2,5,225,26,9,28,302.585,99,0,1,2,24,3,0,0,1,0,1,0,0
151,2,2,330,16,4,28,302.585,99,0,0,0,25,8,0,1,0,0,1,0,0
152,2,3,330,16,4,28,302.585,99,0,0,0,25,1,0,0,1,0,1,0,0
153,2,4,225,26,9,28,302.585,99,0,1,2,24,1,0,0,1,0,1,0,0
154,2,5,189,29,13,33,302.585,99,0,2,2,25,8,0,1,0,0,1,0,0
155,3,3,291,50,12,32,343.25300000000004,95,0,0,0,23,2,0,0,1,0,1,0,0
156,3,3,260,50,11,36,343.25300000000004,95,0,4,0,23,8,0,1,0,0,1,0,0
157,3,3,157,27,6,29,343.25300000000004,95,0,0,0,22,3,0,1,0,0,1,0,0
158,3,3,179,22,17,40,343.25300000000004,95,0,2,0,22,8,0,1,0,0,1,0,0
159,3,4,291,31,12,40,343.25300000000004,95,0,1,1,25,8,0,0,1,0,1,0,0
160,3,4,260,50,11,36,343.25300000000004,95,0,4,0,23,8,0,1,0,0,1,0,0
161,3,5,179,26,9,30,343.25300000000004,95,0,0,0,19,8,0,1,0,0,1,0,0
162,3,6,248,25,14,47,343.25300000000004,95,0,2,1,32,3,0,1,0,0,1,0,0
165,3,2,155,12,14,34,343.25300000000004,95,0,2,0,25,16,0,1,0,0,1,0,0
166,3,2,260,50,11,36,343.25300000000004,95,0,4,0,23,16,0,0,1,0,1,0,0
167,3,3,155,12,14,34,343.25300000000004,95,0,2,0,25,8,0,1,0,0,1,0,0
168,3,5,289,36,13,33,343.25300000000004,95,0,2,1,30,8,0,1,0,0,1,0,0
169,3,5,179,22,17,40,343.25300000000004,95,0,2,0,22,8,0,1,0,0,1,0,0
170,3,6,260,50,11,36,343.25300000000004,95,0,4,0,23,4,0,0,1,0,1,0,0
171,3,6,225,26,9,28,343.25300000000004,95,0,1,2,24,1,0,0,1,0,1,0,0
172,3,2,279,5,14,39,343.25300000000004,95,0,2,0,24,8,0,1,0,0,1,0,0
173,3,3,179,51,18,38,343.25300000000004,95,0,0,0,31,24,0,1,0,0,1,0,0
174,3,4,225,26,9,28,343.25300000000004,95,0,1,2,24,2,0,0,1,0,1,0,0
175,3,2,225,26,9,28,343.25300000000004,95,0,1,2,24,8,0,1,0,0,0,1,0
176,3,2,179,26,9,30,343.25300000000004,95,0,0,0,19,1,0,1,0,0,0,1,0
177,3,3,225,26,9,28,343.25300000000004,95,0,1,2,24,8,0,1,0,0,0,1,0
178,3,4,225,26,9,28,343.25300000000004,95,0,1,2,24,16,0,1,0,0,0,1,0
179,3,4,179,51,18,38,343.25300000000004,95,0,0,0,31,3,0,1,0,0,0,1,0
180,3,5,279,5,14,39,343.25300000000004,95,0,2,0,24,16,0,1,0,0,0,1,0
181,3,6,225,26,9,28,343.25300000000004,95,0,1,2,24,2,0,0,1,0,0,1,0
182,3,6,248,25,14,47,343.25300000000004,95,0,2,1,32,3,0,1,0,0,0,1,0
183,3,2,225,26,9,28,343.25300000000004,95,0,1,2,24,1,0,0,1,0,0,1,0
184,4,4,291,31,12,40,326.452,96,0,1,1,25,1,0,0,1,0,0,1,0
185,4,4,225,26,9,28,326.452,96,0,1,2,24,1,0,0,1,0,0,1,0
186,4,3,155,12,14,34,326.452,96,0,2,0,25,1,0,0,1,0,0,1,0
187,4,4,246,25,16,41,326.452,96,0,0,0,23,24,0,1,0,0,0,1,0
188,4,5,155,12,14,34,326.452,96,0,2,0,25,1,0,0,1,0,0,1,0
189,4,6,225,26,9,28,326.452,96,0,1,2,24,2,0,0,1,0,0,1,0
190,4,6,260,50,11,36,326.452,96,0,4,0,23,4,0,0,1,0,0,1,0
191,4,4,179,51,18,38,326.452,96,0,0,0,31,24,0,1,0,0,0,1,0
192,4,5,118,13,18,50,326.452,96,0,1,0,31,1,0,0,1,0,0,1,0
193,4,6,291,31,12,40,326.452,96,0,1,1,25,3,0,0,1,0,0,1,0
194,4,6,246,25,16,41,326.452,96,0,0,0,23,8,0,1,0,0,0,1,0
195,4,6,291,31,12,40,326.452,96,0,1,1,25,1,0,0,1,0,0,1,0
196,4,6,248,25,14,47,326.452,96,0,2,1,32,8,0,0,1,0,0,1,0
198,4,3,289,36,13,33,326.452,96,0,2,1,30,8,0,1,0,0,0,1,0
199,4,4,155,12,14,34,326.452,96,0,2,0,25,24,0,1,0,0,0,1,0
200,4,4,378,49,11,36,326.452,96,0,2,4,21,8,0,1,0,0,0,1,0
201,4,5,289,36,13,33,326.452,96,0,2,1,30,16,0,1,0,0,0,1,0
202,4,6,235,11,14,37,326.452,96,0,1,1,29,3,0,1,0,0,0,1,0
203,4,2,235,29,12,48,326.452,96,1,1,5,33,0,1,0,0,0,0,1,0
204,5,4,289,36,13,33,378.884,92,0,2,1,30,8,0,1,0,0,0,1,0
205,5,5,155,12,14,34,378.884,92,0,2,0,25,2,0,0,1,0,0,1,0
206,5,2,155,12,14,34,378.884,92,0,2,0,25,1,0,0,1,0,0,1,0
207,5,3,179,51,18,38,378.884,92,0,0,0,31,8,0,1,0,0,0,1,0
208,5,3,225,26,9,28,378.884,92,0,1,2,24,8,0,1,0,0,0,1,0
209,5,4,184,42,7,27,378.884,92,0,0,0,21,4,0,1,0,0,0,1,0
210,5,2,155,12,14,34,378.884,92,0,2,0,25,2,0,0,1,0,0,1,0
211,5,3,179,51,18,38,378.884,92,0,0,0,31,1,0,1,0,0,0,1,0
212,5,4,289,36,13,33,378.884,92,0,2,1,30,24,0,1,0,0,0,1,0
213,5,4,279,5,14,39,378.884,92,1,2,0,24,0,1,0,0,0,0,1,0
214,5,4,330,16,4,28,378.884,92,1,0,0,25,0,1,0,0,0,0,1,0
215,5,4,378,49,11,36,378.884,92,1,2,4,21,0,1,0,0,0,0,1,0
216,5,4,388,15,9,50,378.884,92,1,0,0,24,0,1,0,0,0,0,1,0
217,5,3,179,51,18,38,378.884,92,0,0,0,31,1,0,1,0,0,0,1,0
218,5,4,118,13,18,50,378.884,92,0,1,0,31,24,0,1,0,0,0,1,0
219,5,6,361,52,3,28,378.884,92,0,1,4,27,8,0,0,1,0,0,1,0
220,6,2,246,25,16,41,377.55,94,0,0,0,23,8,0,1,0,0,0,1,0
221,6,2,361,52,3,28,377.55,94,0,1,4,27,8,0,0,1,0,0,1,0
222,6,3,246,25,16,41,377.55,94,0,0,0,23,24,0,1,0,0,0,1,0
223,6,5,291,31,12,40,377.55,94,0,1,1,25,4,0,0,1,0,0,1,0
224,6,6,246,25,16,41,377.55,94,0,0,0,23,8,0,1,0,0,0,1,0
225,6,2,179,51,18,38,377.55,94,0,0,0,31,8,0,1,0,0,0,1,0
226,6,2,155,12,14,34,377.55,94,0,2,0,25,4,0,0,1,0,0,1,0
227,6,2,246,25,16,41,377.55,94,0,0,0,23,8,0,1,0,0,0,1,0
228,6,4,118,13,18,50,377.55,94,0,1,0,31,8,0,1,0,0,0,1,0
229,6,6,235,11,14,37,377.55,94,0,1,1,29,16,0,1,0,0,0,1,0
230,6,3,118,13,18,50,377.55,94,0,1,0,31,1,0,0,1,0,0,1,0
232,6,5,378,49,11,36,377.55,94,0,2,4,21,8,0,0,1,0,0,1,0
233,6,6,179,51,18,38,377.55,94,0,0,0,31,2,0,1,0,0,0,1,0
234,6,2,289,48,29,49,377.55,94,0,0,2,36,2,0,0,1,1,0,0,0
235,6,5,225,26,9,28,377.55,94,0,1,2,24,2,0,0,1,1,0,0,0
236,7,3,155,12,14,34,275.312,98,0,2,0,25,16,0,1,0,1,0,0,0
237,7,4,118,13,18,50,275.312,98,0,1,0,31,8,0,1,0,1,0,0,0
238,7,6,118,10,10,37,275.312,98,0,0,0,28,8,0,1,0,1,0,0,0
239,7,6,118,10,10,37,275.312,98,0,0,0,28,4,0,0,1,1,0,0,0
240,7,3,330,16,4,28,275.312,98,0,0,0,25,8,0,0,1,1,0,0,0
241,7,5,179,26,9,30,275.312,98,0,0,0,19,8,0,1,0,1,0,0,0
242,7,6,155,12,14,34,275.312,98,0,2,0,25,2,0,0,1,1,0,0,0
243,7,2,330,16,4,28,275.312,98,0,0,0,25,8,0,1,0,1,0,0,0
244,7,3,330,16,4,28,275.312,98,0,0,0,25,8,0,1,0,1,0,0,0
245,7,2,157,27,6,29,275.312,98,0,0,0,22,3,0,0,1,1,0,0,0
246,7,3,361,52,3,28,275.312,98,0,1,4,27,8,0,0,1,1,0,0,0
247,7,4,289,36,13,33,275.312,98,0,2,1,30,8,0,0,1,1,0,0,0
248,7,5,179,51,18,38,275.312,98,0,0,0,31,8,0,0,1,1,0,0,0
250,7,5,289,36,13,33,275.312,98,0,2,1,30,8,0,1,0,1,0,0,0
251,7,5,260,50,11,36,275.312,98,1,4,0,23,0,1,0,0,1,0,0,0
252,8,6,289,36,13,33,265.615,94,0,2,1,30,8,0,1,0,1,0,0,0
253,8,6,157,27,6,29,265.615,94,0,0,0,22,3,0,1,0,1,0,0,0
254,8,2,289,36,13,33,265.615,94,0,2,1,30,1,0,0,1,1,0,0,0
255,8,3,228,14,16,58,265.615,94,0,2,1,22,8,0,1,0,1,0,0,0
256,8,5,300,26,13,43,265.615,94,0,2,1,25,1,0,1,0,1,0,0,0
257,8,5,300,26,13,43,265.615,94,0,2,1,25,2,0,1,0,1,0,0,0
258,8,6,260,50,11,36,265.615,94,0,4,0,23,4,0,0,1,1,0,0,0
259,8,3,289,36,13,33,265.615,94,0,2,1,30,4,0,0,1,1,0,0,0
260,8,4,248,25,14,47,265.615,94,0,2,1,32,1,0,0,1,1,0,0,0
261,8,5,268,11,8,33,265.615,94,0,0,0,25,8,0,1,0,1,0,0,0
262,8,5,179,26,9,30,265.615,94,0,0,0,19,1,0,0,1,1,0,0,0
263,8,5,118,13,18,50,265.615,94,0,1,0,31,3,0,1,0,1,0,0,0
264,8,2,248,25,14,47,265.615,94,0,2,1,32,2,0,0,1,1,0,0,0
265,8,3,235,11,14,37,265.615,94,0,1,1,29,1,0,0,1,1,0,0,0
266,8,5,118,13,18,50,265.615,94,0,1,0,31,1,0,0,1,1,0,0,0
267,8,5,235,11,14,37,265.615,94,0,1,1,29,8,0,1,0,1,0,0,0
268,8,3,361,52,3,28,265.615,94,0,1,4,27,8,0,1,0,1,0,0,0
269,8,4,184,42,7,27,265.615,94,0,0,0,21,8,0,1,0,1,0,0,0
270,9,2,179,51,18,38,294.217,81,0,0,0,31,8,0,1,0,1,0,0,0
271,9,6,179,51,18,38,294.217,81,0,0,0,31,3,0,0,1,1,0,0,0
272,9,4,289,36,13,33,294.217,81,0,2,1,30,24,0,1,0,1,0,0,0
273,9,5,235,20,13,43,294.217,81,1,1,0,38,0,1,0,0,1,0,0,0
274,9,2,246,25,16,41,294.217,81,0,0,0,23,16,0,1,0,1,0,0,0
275,9,3,291,31,12,40,294.217,81,0,1,1,25,3,0,0,1,1,0,0,0
276,9,3,231,35,14,39,294.217,81,1,2,2,35,0,1,0,0,1,0,0,0
277,9,3,291,50,12,32,294.217,81,1,0,0,23,0,1,0,0,1,0,0,0
278,9,4,179,51,18,38,294.217,81,0,0,0,31,8,0,1,0,1,0,0,0
280,9,5,179,51,18,38,294.217,81,0,0,0,31,1,0,0,1,1,0,0,0
281,9,6,291,31,12,40,294.217,81,0,1,1,25,4,0,0,1,1,0,0,0
282,9,6,260,50,11,36,294.217,81,0,4,0,23,4,0,0,1,1,0,0,0
283,9,4,235,20,13,43,294.217,81,0,1,0,38,8,0,0,1,0,0,0,1
284,9,5,118,13,18,50,294.217,81,0,1,0,31,1,0,0,1,0,0,0,1
285,9,5,235,20,13,43,294.217,81,1,1,0,38,0,1,0,0,0,0,0,1
286,9,6,291,31,12,40,294.217,81,0,1,1,25,3,0,0,1,0,0,0,1
288,9,2,179,51,18,38,294.217,81,0,0,0,31,8,0,1,0,0,0,0,1
289,10,2,289,36,13,33,265.017,88,0,2,1,30,8,0,0,1,0,0,0,1
290,10,2,235,11,14,37,265.017,88,0,1,1,29,4,0,0,1,0,0,0,1
291,10,2,289,36,13,33,265.017,88,0,2,1,30,8,0,0,1,0,0,0,1
292,10,6,289,36,13,33,265.017,88,0,2,1,30,8,0,0,1,0,0,0,1
293,10,6,118,13,18,50,265.017,88,1,1,0,31,0,1,0,0,0,0,0,1
294,10,6,248,25,14,47,265.017,88,1,2,1,32,0,1,0,0,0,0,0,1
295,10,2,179,26,9,30,265.017,88,0,0,0,19,8,0,1,0,0,0,0,1
296,10,2,118,10,10,37,265.017,88,0,0,0,28,3,0,1,0,0,0,0,1
297,10,2,369,17,12,31,265.017,88,0,3,0,25,8,0,0,1,0,0,0,1
298,10,4,179,51,18,38,265.017,88,0,0,0,31,1,0,0,1,0,0,0,1
300,10,4,235,20,13,43,265.017,88,1,1,0,38,0,1,0,0,0,0,0,1
301,10,5,289,36,13,33,265.017,88,0,2,1,30,16,0,1,0,0,0,0,1
302,10,6,260,50,11,36,265.017,88,0,4,0,23,3,0,0,1,0,0,0,1
303,10,6,235,20,13,43,265.017,88,1,1,0,38,0,1,0,0,0,0,0,1
304,10,2,235,20,13,43,265.017,88,0,1,0,38,2,0,0,1,0,0,0,1
305,10,2,235,20,13,43,265.017,88,0,1,0,38,2,0,0,1,0,0,0,1
306,10,3,118,13,18,50,265.017,88,0,1,0,31,1,0,0,1,0,0,0,1
307,10,3,291,31,12,40,265.017,88,0,1,1,25,4,0,0,1,0,0,0,1
308,10,5,179,26,9,30,265.017,88,0,0,0,19,16,0,0,1,0,0,0,1
309,10,5,118,13,18,50,265.017,88,0,1,0,31,1,0,0,1,0,0,0,1
310,10,2,361,52,3,28,265.017,88,0,1,4,27,8,0,1,0,0,0,0,1
311,10,3,260,50,11,36,265.017,88,1,4,0,23,0,1,0,0,0,0,0,1
312,10,3,291,31,12,40,265.017,88,1,1,1,25,0,1,0,0,0,0,0,1
313,10,3,157,27,6,29,265.017,88,1,0,0,22,0,1,0,0,0,0,0,1
314,10,4,179,26,9,30,265.017,88,0,0,0,19,5,0,1,0,0,0,0,1
315,10,4,179,26,9,30,265.017,88,0,0,0,19,5,0,1,0,0,0,0,1
316,10,5,118,13,18,50,265.017,88,0,1,0,31,1,0,0,1,0,0,0,1
317,11,2,118,10,10,37,284.031,97,0,0,0,28,8,0,1,0,0,0,0,1
318,11,2,248,25,14,47,284.031,97,0,2,1,32,2,0,0,1,0,0,0,1
319,11,3,179,51,18,38,284.031,97,0,0,0,31,8,0,1,0,0,0,0,1
320,11,6,260,50,11,36,284.031,97,0,4,0,23,3,0,0,1,0,0,0,1
321,11,2,291,31,12,40,284.031,97,0,1,1,25,1,0,0,1,0,0,0,1
322,11,2,378,49,11,36,284.031,97,0,2,4,21,8,0,1,0,0,0,0,1
324,11,2,235,20,13,43,284.031,97,0,1,0,38,8,0,0,1,0,0,0,1
325,11,3,330,16,4,28,284.031,97,1,0,0,25,0,1,0,0,0,0,0,1
326,11,4,235,11,14,37,284.031,97,0,1,1,29,1,0,1,0,0,0,0,1
327,11,4,118,10,10,37,284.031,97,0,0,0,28,3,0,1,0,0,0,0,1
328,11,5,235,11,14,37,284.031,97,0,1,1,29,2,0,0,1,0,0,0,1
329,11,5,179,51,18,38,284.031,97,0,0,0,31,3,0,0,1,0,0,0,1
330,11,6,246,25,16,41,284.031,97,0,0,0,23,8,0,1,0,0,0,0,1
331,11,6,291,31,12,40,284.031,97,0,1,1,25,4,0,1,0,0,0,0,1
332,11,2,246,25,16,41,284.031,97,0,0,0,23,8,0,1,0,0,0,0,1
333,11,3,179,51,18,38,284.031,97,0,0,0,31,1,0,0,1,0,0,0,1
334,11,4,260,50,11,36,284.031,97,0,4,0,23,8,0,1,0,0,0,0,1
335,11,6,260,50,11,36,284.031,97,0,4,0,23,8,0,1,0,0,0,0,1
336,11,6,378,49,11,36,284.031,97,1,2,4,21,0,1,0,0,0,0,0,1
337,11,3,279,5,14,39,284.031,97,1,2,0,24,0,1,0,0,0,0,0,1
338,11,5,179,51,18,38,284.031,97,0,0,0,31,1,0,0,1,0,0,0,1
339,12,2,225,26,9,28,236.62900000000002,93,0,1,2,24,3,0,1,0,0,0,0,1
340,12,2,179,51,18,38,236.62900000000002,93,0,0,0,31,2,0,0,1,0,0,0,1
341,12,2,179,51,18,38,236.62900000000002,93,0,0,0,31,1,0,0,1,0,0,0,1
342,12,2,235,11,14,37,236.62900000000002,93,0,1,1,29,3,0,0,1,0,0,0,1
343,12,3,118,13,18,50,236.62900000000002,93,0,1,0,31,1,0,0,1,0,0,0,1
344,12,6,260,50,11,36,236.62900000000002,93,0,4,0,23,4,0,0,1,0,0,0,1
345,12,5,246,25,16,41,236.62900000000002,93,0,0,0,23,8,0,1,0,0,0,0,1
346,12,5,179,51,18,38,236.62900000000002,93,0,0,0,31,1,0,0,1,0,0,0,1
347,12,6,179,51,18,38,236.62900000000002,93,0,0,0,31,1,0,0,1,0,0,0,1
348,12,3,179,26,9,30,236.62900000000002,93,0,0,0,19,1,0,0,1,0,0,0,1
349,12,3,118,10,10,37,236.62900000000002,93,0,0,0,28,8,0,0,1,0,0,0,1
350,12,5,235,11,14,37,236.62900000000002,93,0,1,1,29,2,0,0,1,0,0,0,1
351,12,6,179,51,18,38,236.62900000000002,93,0,0,0,31,1,0,0,1,0,0,0,1
352,12,3,235,20,13,43,236.62900000000002,93,0,1,0,38,8,0,1,0,0,1,0,0
353,12,3,235,11,14,37,236.62900000000002,93,0,1,1,29,4,0,1,0,0,1,0,0
354,12,4,260,50,11,36,236.62900000000002,93,0,4,0,23,8,0,0,1,0,1,0,0
355,12,2,157,27,6,29,236.62900000000002,93,0,0,0,22,2,0,0,1,0,1,0,0
356,12,2,179,51,18,38,236.62900000000002,93,0,0,0,31,3,0,0,1,0,1,0,0
357,12,2,289,36,13,33,236.62900000000002,93,0,2,1,30,8,0,1,0,0,1,0,0
358,1,4,225,26,9,28,330.061,100,0,1,2,24,5,0,0,1,0,1,0,0
360,1,2,155,12,14,34,330.061,100,0,2,0,25,2,0,0,1,0,1,0,0
361,1,3,235,11,14,37,330.061,100,0,1,1,29,1,0,1,0,0,1,0,0
362,1,3,155,12,14,34,330.061,100,0,2,0,25,4,0,0,1,0,1,0,0
363,1,2,289,36,13,33,330.061,100,0,2,1,30,8,0,0,1,0,1,0,0
364,1,4,291,31,12,40,330.061,100,0,1,1,25,8,0,1,0,0,1,0,0
365,1,2,235,20,13,43,330.061,100,0,1,0,38,8,0,0,1,0,1,0,0
366,1,2,118,13,18,50,330.061,100,0,1,0,31,4,0,0,1,0,1,0,0
367,1,4,179,51,18,38,330.061,100,0,0,0,31,1,0,0,1,0,1,0,0
368,1,6,179,51,18,38,330.061,100,0,0,0,31,1,0,0,1,0,1,0,0
369,2,3,118,10,10,37,251.81799999999998,96,0,0,0,28,2,0,0,1,0,1,0,0
370,2,4,179,51,18,38,251.81799999999998,96,0,0,0,31,3,0,0,1,0,1,0,0
371,2,4,225,26,9,28,251.81799999999998,96,0,1,2,24,1,0,1,0,0,1,0,0
372,2,6,289,36,13,33,251.81799999999998,96,0,2,1,30,3,0,0,1,0,1,0,0
373,2,6,260,50,11,36,251.81799999999998,96,0,4,0,23,3,0,0,1,0,1,0,0
374,2,6,179,51,18,38,251.81799999999998,96,0,0,0,31,3,0,0,1,0,1,0,0
375,2,2,179,51,18,38,251.81799999999998,96,0,0,0,31,2,0,0,1,0,1,0,0
376,2,4,179,51,18,38,251.81799999999998,96,0,0,0,31,3,0,0,1,0,1,0,0
377,2,5,179,51,18,38,251.81799999999998,96,0,0,0,31,8,0,1,0,0,1,0,0
378,2,5,246,25,16,41,251.81799999999998,96,0,0,0,23,8,0,0,1,0,1,0,0
379,2,6,179,51,18,38,251.81799999999998,96,0,0,0,31,3,0,0,1,0,1,0,0
380,2,2,189,29,13,33,251.81799999999998,96,0,2,2,25,8,0,0,1,0,1,0,0
381,2,2,179,51,18,38,251.81799999999998,96,0,0,0,31,3,0,0,1,0,1,0,0
382,2,3,246,25,16,41,251.81799999999998,96,0,0,0,23,2,0,0,1,0,1,0,0
383,2,3,291,31,12,40,251.81799999999998,96,0,1,1,25,2,0,0,1,0,1,0,0
384,2,4,157,27,6,29,251.81799999999998,96,0,0,0,22,16,0,1,0,0,1,0,0
385,2,4,179,51,18,38,251.81799999999998,96,0,0,0,31,3,0,0,1,0,1,0,0
386,2,6,179,51,18,38,251.81799999999998,96,0,0,0,31,3,0,0,1,0,1,0,0
387,2,6,246,25,16,41,251.81799999999998,96,0,0,0,23,24,0,1,0,0,1,0,0
388,2,4,179,51,18,38,251.81799999999998,96,0,0,0,31,3,0,0,1,0,1,0,0
389,2,6,179,51,18,38,251.81799999999998,96,0,0,0,31,3,0,0,1,0,1,0,0
390,3,3,118,10,10,37,244.387,98,0,0,0,28,8,0,1,0,0,1,0,0
391,3,4,246,25,16,41,244.387,98,0,0,0,23,16,0,1,0,0,1,0,0
392,3,6,246,25,16,41,244.387,98,0,0,0,23,2,0,0,1,0,1,0,0
393,3,6,260,50,11,36,244.387,98,0,4,0,23,4,0,0,1,0,1,0,0
394,3,2,179,51,18,38,244.387,98,0,0,0,31,2,0,0,1,0,1,0,0
395,3,2,235,11,14,37,244.387,98,0,1,1,29,8,0,0,1,0,1,0,0
396,3,3,179,22,17,40,244.387,98,0,2,0,22,8,0,0,1,0,1,0,0
397,3,3,378,49,11,36,244.387,98,0,2,4,21,8,0,0,1,0,1,0,0
398,3,2,179,51,18,38,244.387,98,0,0,0,31,16,0,0,1,0,1,0,0
399,3,4,361,52,3,28,244.387,98,0,1,4,27,8,0,0,1,0,1,0,0
400,3,4,369,17,12,31,244.387,98,1,3,0,25,0,1,0,0,0,1,0,0
401,3,5,235,11,14,37,244.387,98,0,1,1,29,8,0,1,0,0,1,0,0
402,3,6,118,13,18,50,244.387,98,0,1,0,31,2,0,0,1,0,0,1,0
403,3,3,118,13,18,50,244.387,98,0,1,0,31,3,0,1,0,0,0,1,0
404,3,4,118,13,18,50,244.387,98,0,1,0,31,8,0,1,0,0,0,1,0
405,3,5,235,11,14,37,244.387,98,1,1,1,29,0,1,0,0,0,0,1,0
406,3,5,246,25,16,41,244.387,98,1,0,0,23,0,1,0,0,0,0,1,0
407,3,5,118,13,18,50,244.387,98,1,1,0,31,0,1,0,0,0,0,1,0
408,3,6,179,51,18,38,244.387,98,0,0,0,31,8,0,0,1,0,0,1,0
409,3,6,289,36,13,33,244.387,98,0,2,1,30,8,0,0,1,0,0,1,0
410,3,2,260,50,11,36,244.387,98,0,4,0,23,8,0,1,0,0,0,1,0
411,3,3,246,25,16,41,244.387,98,0,0,0,23,2,0,0,1,0,0,1,0
412,4,4,179,51,18,38,239.40900000000002,98,0,0,0,31,4,0,0,1,0,0,1,0
413,4,6,260,50,11,36,239.40900000000002,98,0,4,0,23,3,0,0,1,0,0,1,0
414,4,6,330,16,4,28,239.40900000000002,98,0,0,0,25,4,0,0,1,0,0,1,0
415,4,2,369,17,12,31,239.40900000000002,98,0,3,0,25,4,0,0,1,0,0,1,0
416,4,2,248,25,14,47,239.40900000000002,98,0,2,1,32,4,0,0,1,0,0,1,0
417,4,4,330,16,4,28,239.40900000000002,98,0,0,0,25,8,0,0,1,0,0,1,0
418,4,4,179,51,18,38,239.40900000000002,98,0,0,0,31,8,0,0,1,0,0,1,0
419,4,2,118,13,18,50,239.40900000000002,98,0,1,0,31,1,0,0,1,0,0,1,0
421,4,6,300,26,13,43,239.40900000000002,98,0,2,1,25,8,0,0,1,0,0,1,0
422,4,6,260,50,11,36,239.40900000000002,98,0,4,0,23,4,0,0,1,0,0,1,0
423,4,2,179,51,18,38,239.40900000000002,98,0,0,0,31,4,0,0,1,0,0,1,0
424,4,4,118,10,10,37,239.40900000000002,98,0,0,0,28,2,0,1,0,0,0,1,0
425,5,2,235,20,13,43,246.074,99,0,1,0,38,16,0,1,0,0,0,1,0
426,5,4,248,25,14,47,246.074,99,0,2,1,32,2,0,0,1,0,0,1,0
427,5,2,369,17,12,31,246.074,99,0,3,0,25,8,0,1,0,0,0,1,0
428,5,4,179,26,9,30,246.074,99,0,0,0,19,3,0,0,1,0,0,1,0
429,5,4,179,51,18,38,246.074,99,0,0,0,31,4,0,0,1,0,0,1,0
430,5,5,361,52,3,28,246.074,99,0,1,4,27,1,0,0,1,0,0,1,0
431,5,6,260,50,11,36,246.074,99,0,4,0,23,3,0,0,1,0,0,1,0
432,5,2,179,22,17,40,246.074,99,0,2,0,22,2,0,1,0,0,0,1,0
433,5,2,179,22,17,40,246.074,99,0,2,0,22,3,0,1,0,0,0,1,0
434,5,4,228,14,16,58,246.074,99,0,2,1,22,8,0,1,0,0,0,1,0
435,5,4,225,26,9,28,246.074,99,0,1,2,24,3,0,0,1,0,0,1,0
436,5,6,330,16,4,28,246.074,99,0,0,0,25,8,0,1,0,0,0,1,0
437,5,2,179,26,9,30,246.074,99,0,0,0,19,2,0,0,1,0,0,1,0
438,5,2,118,10,10,37,246.074,99,0,0,0,28,1,0,0,1,0,0,1,0
439,5,2,235,11,14,37,246.074,99,0,1,1,29,8,0,1,0,0,0,1,0
440,5,4,179,26,9,30,246.074,99,0,0,0,19,3,0,0,1,0,0,1,0
441,6,2,118,10,10,37,253.957,95,0,0,0,28,3,0,0,1,0,0,1,0
442,6,2,179,51,18,38,253.957,95,0,0,0,31,3,0,0,1,0,0,1,0
443,6,3,118,10,10,37,253.957,95,0,0,0,28,2,0,0,1,0,0,1,0
444,6,5,225,26,9,28,253.957,95,0,1,2,24,4,0,0,1,0,0,1,0
445,6,6,260,50,11,36,253.957,95,0,4,0,23,4,0,0,1,0,0,1,0
446,6,6,179,51,18,38,253.957,95,1,0,0,31,0,1,0,0,0,0,1,0
448,6,2,179,51,18,38,253.957,95,0,0,0,31,24,0,0,1,0,0,1,0
449,6,3,246,25,16,41,253.957,95,0,0,0,23,3,0,0,1,0,0,1,0
450,6,2,179,51,18,38,253.957,95,0,0,0,31,4,0,0,1,0,0,1,0
451,6,3,235,20,13,43,253.957,95,0,1,0,38,8,0,0,1,0,0,1,0
452,6,2,179,51,18,38,253.957,95,0,0,0,31,2,0,0,1,1,0,0,0
453,6,4,225,26,9,28,253.957,95,0,1,2,24,2,0,0,1,1,0,0,0
454,6,4,118,13,18,50,253.957,95,0,1,0,31,2,0,0,1,1,0,0,0
455,6,4,179,51,18,38,253.957,95,0,0,0,31,8,0,1,0,1,0,0,0
456,6,4,179,26,9,30,253.957,95,0,0,0,19,2,0,1,0,1,0,0,0
457,6,6,246,25,16,41,253.957,95,0,0,0,23,2,0,0,1,1,0,0,0
458,6,3,330,16,4,28,253.957,95,0,0,0,25,1,0,1,0,1,0,0,0
459,6,3,235,11,14,37,253.957,95,0,1,1,29,8,0,1,0,1,0,0,0
460,7,5,179,26,9,30,230.29,92,0,0,0,19,2,0,0,1,1,0,0,0
461,7,5,225,26,9,28,230.29,92,0,1,2,24,4,0,0,1,1,0,0,0
462,7,6,260,50,11,36,230.29,92,0,4,0,23,8,0,1,0,1,0,0,0
463,7,2,268,11,8,33,230.29,92,0,0,0,25,8,0,1,0,1,0,0,0
464,7,6,330,16,4,28,230.29,92,0,0,0,25,8,0,0,1,1,0,0,0
465,7,6,118,10,10,37,230.29,92,0,0,0,28,8,0,0,1,1,0,0,0
466,7,2,260,50,11,36,230.29,92,0,4,0,23,4,0,0,1,1,0,0,0
467,7,3,118,10,10,37,230.29,92,0,0,0,28,8,0,0,1,1,0,0,0
468,7,2,300,26,13,43,230.29,92,0,2,1,25,8,0,1,0,1,0,0,0
469,7,2,235,29,12,48,230.29,92,0,1,5,33,1,0,0,1,1,0,0,0
470,7,3,246,25,16,41,230.29,92,0,0,0,23,2,0,0,1,1,0,0,0
472,7,3,179,51,18,38,230.29,92,0,0,0,31,1,0,0,1,1,0,0,0
473,7,6,118,13,18,50,230.29,92,0,1,0,31,1,0,0,1,1,0,0,0
474,7,6,361,52,3,28,230.29,92,0,1,4,27,8,0,0,1,1,0,0,0
475,7,2,289,36,13,33,230.29,92,0,2,1,30,8,0,0,1,1,0,0,0
476,7,2,235,20,13,43,230.29,92,0,1,0,38,8,0,0,1,1,0,0,0
477,7,3,246,25,16,41,230.29,92,0,0,0,23,2,0,0,1,1,0,0,0
478,7,5,291,31,12,40,230.29,92,0,1,1,25,1,0,0,1,1,0,0,0
479,7,5,279,5,14,39,230.29,92,0,2,0,24,2,0,0,1,1,0,0,0
480,8,5,179,51,18,38,249.797,93,0,0,0,31,4,0,0,1,1,0,0,0
481,8,2,179,22,17,40,249.797,93,0,2,0,22,1,0,0,1,1,0,0,0
482,8,3,246,25,16,41,249.797,93,0,0,0,23,4,0,0,1,1,0,0,0
483,8,3,118,10,10,37,249.797,93,0,0,0,28,4,0,0,1,1,0,0,0
484,8,3,289,36,13,33,249.797,93,0,2,1,30,8,0,0,1,1,0,0,0
485,8,3,235,20,13,43,249.797,93,0,1,0,38,8,0,0,1,1,0,0,0
486,8,5,291,31,12,40,249.797,93,0,1,1,25,4,0,0,1,1,0,0,0
487,8,2,179,51,18,38,249.797,93,0,0,0,31,4,0,0,1,1,0,0,0
488,8,3,179,22,17,40,249.797,93,0,2,0,22,8,0,0,1,1,0,0,0
489,8,5,330,16,4,28,249.797,93,0,0,0,25,16,0,0,1,1,0,0,0
490,8,3,235,11,14,37,249.797,93,0,1,1,29,4,0,0,1,1,0,0,0
491,8,3,246,25,16,41,249.797,93,0,0,0,23,1,0,0,1,1,0,0,0
492,8,3,118,10,10,37,249.797,93,0,0,0,28,5,0,0,1,1,0,0,0
493,8,5,291,31,12,40,249.797,93,0,1,1,25,2,0,0,1,1,0,0,0
494,8,2,260,50,11,36,249.797,93,0,4,0,23,3,0,0,1,1,0,0,0
495,9,3,246,25,16,41,261.756,87,0,0,0,23,1,0,0,1,1,0,0,0
496,9,3,246,25,16,41,261.756,87,0,0,0,23,1,0,0,1,1,0,0,0
497,9,3,118,10,10,37,261.756,87,0,0,0,28,3,0,0,1,1,0,0,0
498,9,3,155,12,14,34,261.756,87,0,2,0,25,2,0,0,1,1,0,0,0
499,9,5,291,31,12,40,261.756,87,0,1,1,25,2,0,0,1,1,0,0,0
500,9,6,179,26,9,30,261.756,87,0,0,0,19,8,0,0,1,1,0,0,0
501,9,6,248,25,14,47,261.756,87,0,2,1,32,1,0,0,1,1,0,0,0
502,9,2,179,51,18,38,261.756,87,0,0,0,31,4,0,0,1,1,0,0,0
503,9,4,225,26,9,28,261.756,87,0,1,2,24,1,0,0,1,1,0,0,0
504,9,2,179,26,9,30,261.756,87,0,0,0,19,2,0,0,1,1,0,0,0
505,9,3,369,17,12,31,261.756,87,0,3,0,25,8,0,0,1,0,0,0,1
506,9,3,361,52,3,28,261.756,87,0,1,4,27,8,0,0,1,0,0,0,1
507,10,5,289,48,29,49,284.853,91,0,0,2,36,1,0,1,0,0,0,0,1
508,10,5,235,16,8,32,284.853,91,0,0,0,25,3,0,1,0,0,0,0,1
509,10,6,246,25,16,41,284.853,91,0,0,0,23,8,0,0,1,0,0,0,1
510,10,4,289,48,29,49,284.853,91,0,0,2,36,3,0,1,0,0,0,0,1
511,10,4,291,31,12,40,284.853,91,0,1,1,25,2,0,0,1,0,0,0,1
512,10,3,118,10,10,37,284.853,91,0,0,0,28,2,0,0,1,0,0,0,1
513,10,5,289,48,29,49,284.853,91,0,0,2,36,2,0,0,1,0,0,0,1
514,10,6,291,31,12,40,284.853,91,0,1,1,25,1,0,0,1,0,0,0,1
515,10,3,225,26,9,28,284.853,91,0,1,2,24,2,0,0,1,0,0,0,1
516,10,3,369,17,12,31,284.853,91,0,3,0,25,8,0,0,1,0,0,0,1
517,10,3,369,17,12,31,284.853,91,0,3,0,25,3,0,0,1,0,0,0,1
518,10,3,225,26,9,28,284.853,91,0,1,2,24,4,0,0,1,0,0,0,1
519,10,3,369,17,12,31,284.853,91,0,3,0,25,8,0,0,1,0,0,0,1
520,10,4,179,51,18,38,284.853,91,0,0,0,31,3,0,0,1,0,0,0,1
521,10,4,228,14,16,58,284.853,91,0,2,1,22,1,0,1,0,0,0,0,1
522,10,4,291,31,12,40,284.853,91,0,1,1,25,1,0,0,1,0,0,0,1
523,10,5,369,17,12,31,284.853,91,0,3,0,25,8,0,1,0,0,0,0,1
524,10,5,225,26,9,28,284.853,91,0,1,2,24,1,0,1,0,0,0,0,1
525,10,6,369,17,12,31,284.853,91,0,3,0,25,8,0,1,0,0,0,0,1
526,10,6,225,26,9,28,284.853,91,0,1,2,24,3,0,1,0,0,0,0,1
527,10,2,189,29,13,33,284.853,91,0,2,2,25,8,0,0,1,0,0,0,1
528,10,2,235,16,8,32,284.853,91,0,0,0,25,8,0,1,0,0,0,0,1
529,10,2,248,25,14,47,284.853,91,0,2,1,32,8,0,1,0,0,0,0,1
530,10,2,225,26,9,28,284.853,91,1,1,2,24,0,1,0,0,0,0,0,1
531,10,3,225,26,9,28,284.853,91,0,1,2,24,3,0,1,0,0,0,0,1
532,11,3,179,51,18,38,268.519,93,0,0,0,31,1,0,1,0,0,0,0,1
533,11,4,118,10,10,37,268.519,93,0,0,0,28,3,0,0,1,0,0,0,1
534,11,4,330,16,4,28,268.519,93,0,0,0,25,24,0,1,0,0,0,0,1
535,11,6,179,51,18,38,268.519,93,0,0,0,31,1,0,0,1,0,0,0,1
536,11,3,118,10,10,37,268.519,93,0,0,0,28,8,0,1,0,0,0,0,1
537,11,4,289,36,13,33,268.519,93,0,2,1,30,8,0,0,1,0,0,0,1
538,11,6,235,16,8,32,268.519,93,0,0,0,25,8,0,1,0,0,0,0,1
539,11,6,225,26,9,28,268.519,93,0,1,2,24,4,0,0,1,0,0,0,1
540,11,3,361,52,3,28,268.519,93,0,1,4,27,8,0,0,1,0,0,0,1
541,11,4,291,31,12,40,268.519,93,0,1,1,25,2,0,0,1,0,0,0,1
542,11,5,118,10,10,37,268.519,93,0,0,0,28,2,0,1,0,0,0,0,1
543,11,5,225,26,9,28,268.519,93,0,1,2,24,3,0,1,0,0,0,0,1
544,11,2,179,51,18,38,268.519,93,0,0,0,31,1,0,0,1,0,0,0,1
545,11,2,118,10,10,37,268.519,93,0,0,0,28,8,0,0,1,0,0,0,1
546,11,3,118,10,10,37,268.519,93,0,0,0,28,8,0,1,0,0,0,0,1
547,11,3,225,26,9,28,268.519,93,0,1,2,24,2,0,0,1,0,0,0,1
548,11,3,291,31,12,40,268.519,93,1,1,1,25,0,1,0,0,0,0,0,1
549,11,4,289,36,13,33,268.519,93,1,2,1,30,0,1,0,0,0,0,0,1
550,11,5,248,25,14,47,268.519,93,0,2,1,32,4,0,1,0,0,0,0,1
551,11,5,235,20,13,43,268.519,93,1,1,0,38,0,1,0,0,0,0,0,1
552,11,6,225,26,9,28,268.519,93,0,1,2,24,2,0,0,1,0,0,0,1
553,11,6,369,17,12,31,268.519,93,0,3,0,25,8,0,0,1,0,0,0,1
554,11,2,361,52,3,28,268.519,93,0,1,4,27,2,0,0,1,0,0,0,1
556,12,4,291,31,12,40,280.54900000000004,98,0,1,1,25,1,0,0,1,0,0,0,1
557,12,4,225,26,9,28,280.54900000000004,98,0,1,2,24,3,0,0,1,0,0,0,1
558,12,6,179,26,9,30,280.54900000000004,98,0,0,0,19,1,0,1,0,0,0,0,1
559,12,6,225,26,9,28,280.54900000000004,98,0,1,2,24,3,0,0,1,0,0,0,1
560,12,4,225,26,9,28,280.54900000000004,98,0,1,2,24,3,0,0,1,0,0,0,1
561,12,5,361,52,3,28,280.54900000000004,98,0,1,4,27,4,0,1,0,0,0,0,1
562,12,6,179,22,17,40,280.54900000000004,98,0,2,0,22,2,0,1,0,0,0,0,1
563,12,6,235,20,13,43,280.54900000000004,98,0,1,0,38,8,0,0,1,0,0,0,1
564,12,2,233,51,1,31,280.54900000000004,98,0,1,8,21,8,0,1,0,0,0,0,1
565,12,3,179,26,9,30,280.54900000000004,98,0,0,0,19,16,0,1,0,0,0,0,1
566,12,3,225,26,9,28,280.54900000000004,98,0,1,2,24,2,0,0,1,0,0,0,1
567,12,5,225,26,9,28,280.54900000000004,98,0,1,2,24,3,0,0,1,0,0,0,1
568,12,2,225,26,9,28,280.54900000000004,98,0,1,2,24,2,0,0,1,0,0,0,1
570,1,2,179,26,9,30,313.532,96,0,0,0,19,24,0,1,0,0,1,0,0
571,1,5,179,26,9,30,313.532,96,0,0,0,19,16,0,1,0,0,1,0,0
572,1,5,179,22,17,40,313.532,96,0,2,0,22,2,0,0,1,0,1,0,0
573,1,6,179,22,17,40,313.532,96,0,2,0,22,2,0,0,1,0,1,0,0
574,1,2,179,26,9,30,313.532,96,0,0,0,19,3,0,1,0,0,1,0,0
575,1,4,179,22,17,40,313.532,96,0,2,0,22,2,0,0,1,0,1,0,0
576,1,5,289,48,29,49,313.532,96,0,0,2,36,8,0,1,0,0,1,0,0
577,1,6,179,22,17,40,313.532,96,0,2,0,22,3,0,1,0,0,1,0,0
578,1,2,179,26,9,30,313.532,96,0,0,0,19,2,0,0,1,0,1,0,0
579,1,3,155,12,14,34,313.532,96,0,2,0,25,8,0,1,0,0,1,0,0
580,1,4,179,26,9,30,313.532,96,0,0,0,19,2,0,0,1,0,1,0,0
581,1,4,179,51,18,38,313.532,96,0,0,0,31,3,0,0,1,0,1,0,0
582,1,4,289,36,13,33,313.532,96,0,2,1,30,8,0,1,0,0,1,0,0
583,1,5,179,51,18,38,313.532,96,0,0,0,31,3,0,0,1,0,1,0,0
584,1,6,179,51,18,38,313.532,96,0,0,0,31,2,0,0,1,0,1,0,0
585,2,3,179,51,18,38,264.249,97,0,0,0,31,8,0,1,0,0,1,0,0
586,2,3,225,26,9,28,264.249,97,0,1,2,24,3,0,0,1,0,1,0,0
587,2,4,248,25,14,47,264.249,97,0,2,1,32,8,0,1,0,0,1,0,0
588,2,4,179,51,18,38,264.249,97,0,0,0,31,2,0,0,1,0,1,0,0
589,2,5,225,26,9,28,264.249,97,0,1,2,24,3,0,0,1,0,1,0,0
590,2,5,179,51,18,38,264.249,97,0,0,0,31,2,0,0,1,0,1,0,0
591,2,5,179,26,9,30,264.249,97,0,0,0,19,2,0,0,1,0,1,0,0
592,2,6,225,15,15,41,264.249,97,0,2,2,28,2,0,0,1,0,1,0,0
593,2,6,179,51,18,38,264.249,97,0,0,0,31,2,0,0,1,0,1,0,0
594,2,2,233,51,1,31,264.249,97,0,1,8,21,2,0,1,0,0,1,0,0
595,2,2,179,51,18,38,264.249,97,0,0,0,31,2,0,0,1,0,1,0,0
596,2,3,225,26,9,28,264.249,97,0,1,2,24,8,0,1,0,0,1,0,0
597,2,4,179,51,18,38,264.249,97,0,0,0,31,3,0,0,1,0,1,0,0
598,2,5,179,51,18,38,264.249,97,0,0,0,31,3,0,0,1,0,1,0,0
599,2,5,225,26,9,28,264.249,97,0,1,2,24,3,0,0,1,0,1,0,0
600,2,5,179,26,9,30,264.249,97,0,0,0,19,2,0,1,0,0,1,0,0
601,2,6,179,22,17,40,264.249,97,0,2,0,22,2,0,0,1,0,1,0,0
602,2,6,179,51,18,38,264.249,97,0,0,0,31,3,0,0,1,0,1,0,0
603,2,4,233,51,1,31,264.249,97,0,1,8,21,3,0,1,0,0,1,0,0
604,2,4,179,26,9,30,264.249,97,0,0,0,19,2,0,0,1,0,1,0,0
605,2,4,179,51,18,38,264.249,97,0,0,0,31,2,0,0,1,0,1,0,0
606,2,5,179,51,18,38,264.249,97,0,0,0,31,8,0,1,0,0,1,0,0
607,2,6,179,51,18,38,264.249,97,0,0,0,31,2,0,0,1,0,1,0,0
608,2,2,155,12,14,34,264.249,97,0,2,0,25,5,0,0,1,0,1,0,0
609,2,2,235,16,8,32,264.249,97,0,0,0,25,3,0,0,1,0,1,0,0
610,2,2,179,51,18,38,264.249,97,0,0,0,31,2,0,0,1,0,1,0,0
611,2,2,225,26,9,28,264.249,97,0,1,2,24,2,0,1,0,0,1,0,0
612,2,3,179,51,18,38,264.249,97,0,0,0,31,2,0,0,1,0,1,0,0
613,2,3,248,25,14,47,264.249,97,0,2,1,32,2,0,0,1,0,1,0,0
614,2,3,225,26,9,28,264.249,97,0,1,2,24,2,0,0,1,0,1,0,0
615,2,4,179,51,18,38,264.249,97,0,0,0,31,2,0,0,1,0,1,0,0
616,2,5,179,51,18,38,264.249,97,0,0,0,31,2,0,0,1,0,1,0,0
617,2,6,235,16,8,32,264.249,97,0,0,0,25,2,0,0,1,0,1,0,0
618,3,2,179,51,18,38,222.196,99,0,0,0,31,2,0,0,1,0,1,0,0
619,3,2,248,25,14,47,222.196,99,0,2,1,32,2,0,0,1,0,1,0,0
620,3,3,228,14,16,58,222.196,99,0,2,1,22,3,0,0,1,0,1,0,0
621,3,3,248,25,14,47,222.196,99,0,2,1,32,3,0,0,1,0,1,0,0
623,3,4,179,51,18,38,222.196,99,0,0,0,31,2,0,0,1,0,1,0,0
624,3,5,225,26,9,28,222.196,99,0,1,2,24,2,0,0,1,0,1,0,0
625,3,5,179,51,18,38,222.196,99,0,0,0,31,3,0,0,1,0,1,0,0
626,3,5,225,26,9,28,222.196,99,0,1,2,24,2,0,0,1,0,1,0,0
627,3,6,179,26,9,30,222.196,99,0,0,0,19,3,0,0,1,0,1,0,0
628,3,2,235,16,8,32,222.196,99,0,0,0,25,3,0,0,1,0,1,0,0
629,3,2,361,52,3,28,222.196,99,0,1,4,27,8,0,1,0,0,1,0,0
630,3,3,179,51,18,38,222.196,99,0,0,0,31,8,0,1,0,0,1,0,0
631,3,4,179,51,18,38,222.196,99,0,0,0,31,2,0,0,1,0,1,0,0
632,3,5,179,51,18,38,222.196,99,0,0,0,31,3,0,0,1,0,1,0,0
633,3,6,179,26,9,30,222.196,99,0,0,0,19,2,0,0,1,0,1,0,0
634,3,2,179,51,18,38,222.196,99,0,0,0,31,4,0,1,0,0,1,0,0
635,3,2,248,25,14,47,222.196,99,0,2,1,32,2,0,1,0,0,1,0,0
636,3,2,179,51,18,38,222.196,99,0,0,0,31,3,0,0,1,0,1,0,0
637,3,2,225,26,9,28,222.196,99,0,1,2,24,8,0,1,0,0,1,0,0
638,3,3,179,51,18,38,222.196,99,0,0,0,31,2,0,0,1,0,1,0,0
639,3,4,289,36,13,33,222.196,99,0,2,1,30,8,0,0,1,0,1,0,0
640,3,4,228,14,16,58,222.196,99,0,2,1,22,2,0,0,1,0,1,0,0
641,3,4,179,51,18,38,222.196,99,0,0,0,31,2,0,0,1,0,1,0,0
642,3,5,248,25,14,47,222.196,99,0,2,1,32,3,0,0,1,0,1,0,0
643,3,5,179,51,18,38,222.196,99,0,0,0,31,3,0,0,1,0,1,0,0
644,3,6,179,26,9,30,222.196,99,0,0,0,19,2,0,0,1,0,1,0,0
645,3,6,179,51,18,38,222.196,99,0,0,0,31,3,0,0,1,0,1,0,0
646,3,3,179,51,18,38,222.196,99,0,0,0,31,3,0,0,1,0,0,1,0
647,3,4,118,15,24,46,222.196,99,0,2,0,25,8,0,0,1,0,0,1,0
648,3,4,155,12,14,34,222.196,99,0,2,0,25,24,0,1,0,0,0,1,0
649,3,4,179,51,18,38,222.196,99,0,0,0,31,3,0,0,1,0,0,1,0
650,3,5,179,51,18,38,222.196,99,0,0,0,31,3,0,0,1,0,0,1,0
651,3,2,179,26,9,30,222.196,99,0,0,0,19,2,0,1,0,0,0,1,0
653,3,4,369,17,12,31,222.196,99,0,3,0,25,8,0,0,1,0,0,1,0
654,4,2,225,26,9,28,246.28799999999998,91,0,1,2,24,8,0,1,0,0,0,1,0
655,4,2,118,10,10,37,246.28799999999998,91,0,0,0,28,8,0,1,0,0,0,1,0
656,4,3,361,52,3,28,246.28799999999998,91,0,1,4,27,8,0,1,0,0,0,1,0
657,4,4,248,25,14,47,246.28799999999998,91,0,2,1,32,8,0,1,0,0,0,1,0
658,4,5,189,29,13,33,246.28799999999998,91,0,2,2,25,8,0,1,0,0,0,1,0
659,4,6,179,26,9,30,246.28799999999998,91,0,0,0,19,2,0,0,1,0,0,1,0
660,4,2,369,17,12,31,246.28799999999998,91,0,3,0,25,24,0,1,0,0,0,1,0
661,4,3,179,22,17,40,246.28799999999998,91,0,2,0,22,2,0,1,0,0,0,1,0
662,4,3,118,13,18,50,246.28799999999998,91,0,1,0,31,3,0,0,1,0,0,1,0
663,4,3,361,52,3,28,246.28799999999998,91,0,1,4,27,2,0,0,1,0,0,1,0
664,4,4,118,10,10,37,246.28799999999998,91,0,0,0,28,2,0,1,0,0,0,1,0
665,4,6,235,11,14,37,246.28799999999998,91,0,1,1,29,8,0,0,1,0,0,1,0
666,4,6,179,26,9,30,246.28799999999998,91,0,0,0,19,2,0,0,1,0,0,1,0
667,4,2,225,26,9,28,246.28799999999998,91,0,1,2,24,8,0,1,0,0,0,1,0
668,4,3,235,16,8,32,246.28799999999998,91,0,0,0,25,3,0,1,0,0,0,1,0
669,4,6,179,26,9,30,246.28799999999998,91,0,0,0,19,2,0,0,1,0,0,1,0
670,4,3,155,12,14,34,246.28799999999998,91,0,2,0,25,4,0,0,1,0,0,1,0
671,4,5,225,26,9,28,246.28799999999998,91,0,1,2,24,8,0,1,0,0,0,1,0
672,4,5,118,13,18,50,246.28799999999998,91,0,1,0,31,2,0,1,0,0,0,1,0
673,4,6,179,26,9,30,246.28799999999998,91,0,0,0,19,2,0,0,1,0,0,1,0
674,5,2,235,11,14,37,237.65599999999998,99,0,1,1,29,8,0,0,1,0,0,1,0
675,5,4,225,15,15,41,237.65599999999998,99,0,2,2,28,3,0,1,0,0,0,1,0
676,5,4,235,16,8,32,237.65599999999998,99,0,0,0,25,2,0,0,1,0,0,1,0
677,5,4,118,10,10,37,237.65599999999998,99,0,0,0,28,3,0,1,0,0,0,1,0
678,5,4,235,20,13,43,237.65599999999998,99,0,1,0,38,8,0,0,1,0,0,1,0
679,5,5,179,26,9,30,237.65599999999998,99,0,0,0,19,1,0,1,0,0,0,1,0
680,5,5,291,31,12,40,237.65599999999998,99,0,1,1,25,2,0,0,1,0,0,1,0
681,5,5,225,15,15,41,237.65599999999998,99,0,2,2,28,8,0,1,0,0,0,1,0
683,5,6,225,15,15,41,237.65599999999998,99,0,2,2,28,8,0,0,1,0,0,1,0
684,5,6,179,26,9,30,237.65599999999998,99,0,0,0,19,2,0,0,1,0,0,1,0
685,5,2,118,13,18,50,237.65599999999998,99,0,1,0,31,2,0,0,1,0,0,1,0
686,5,3,118,13,18,50,237.65599999999998,99,0,1,0,31,3,0,1,0,0,0,1,0
687,5,3,118,10,10,37,237.65599999999998,99,0,0,0,28,1,0,0,1,0,0,1,0
688,5,3,118,13,18,50,237.65599999999998,99,1,1,0,31,0,1,0,0,0,0,1,0
689,5,4,179,26,9,30,237.65599999999998,99,0,0,0,19,2,0,0,1,0,0,1,0
690,5,4,378,49,11,36,237.65599999999998,99,1,2,4,21,0,1,0,0,0,0,1,0
691,5,6,179,22,17,40,237.65599999999998,99,0,2,0,22,1,0,1,0,0,0,1,0
693,5,2,235,16,8,32,237.65599999999998,99,0,0,0,25,8,0,1,0,0,0,1,0
694,5,4,291,31,12,40,237.65599999999998,99,0,1,1,25,8,0,0,1,0,0,1,0
695,5,4,179,22,17,40,237.65599999999998,99,0,2,0,22,8,0,1,0,0,0,1,0
696,5,4,225,26,9,28,237.65599999999998,99,0,1,2,24,3,0,1,0,0,0,1,0
697,5,5,330,16,4,28,237.65599999999998,99,0,0,0,25,8,0,1,0,0,0,1,0
698,5,5,235,16,8,32,237.65599999999998,99,0,0,0,25,2,0,0,1,0,0,1,0
699,5,5,291,31,12,40,237.65599999999998,99,0,1,1,25,2,0,0,1,0,0,1,0
700,5,6,179,26,9,30,237.65599999999998,99,0,0,0,19,2,0,0,1,0,0,1,0
701,5,2,361,52,3,28,237.65599999999998,99,0,1,4,27,8,0,1,0,0,0,1,0
702,5,4,155,12,14,34,237.65599999999998,99,0,2,0,25,2,0,0,1,0,0,1,0
703,5,6,179,22,17,40,237.65599999999998,99,0,2,0,22,8,0,0,1,0,0,1,0
704,5,6,155,12,14,34,237.65599999999998,99,0,2,0,25,8,0,1,0,0,0,1,0
705,5,2,225,26,9,28,237.65599999999998,99,0,1,2,24,1,0,1,0,0,0,1,0
706,6,4,118,15,24,46,275.089,96,0,2,0,25,8,0,1,0,0,0,1,0
707,6,4,179,26,9,30,275.089,96,0,0,0,19,3,0,0,1,0,0,1,0
708,6,6,118,10,10,37,275.089,96,0,0,0,28,8,0,0,1,0,0,1,0
709,6,4,118,10,10,37,275.089,96,0,0,0,28,8,0,1,0,0,0,1,0
710,6,5,378,49,11,36,275.089,96,0,2,4,21,8,0,0,1,0,0,1,0
711,6,5,118,13,18,50,275.089,96,0,1,0,31,24,0,1,0,0,0,1,0
712,6,6,233,51,1,31,275.089,96,0,1,8,21,8,0,1,0,0,0,1,0
713,6,6,179,26,9,30,275.089,96,0,0,0,19,2,0,0,1,0,0,1,0
714,6,2,235,29,12,48,275.089,96,1,1,5,33,0,1,0,0,0,0,1,0
715,6,2,268,11,8,33,275.089,96,1,0,0,25,0,1,0,0,0,0,1,0
716,6,5,118,13,18,50,275.089,96,0,1,0,31,3,0,1,0,0,0,1,0
717,6,5,179,26,9,30,275.089,96,0,0,0,19,2,0,1,0,0,0,1,0
718,6,5,291,31,12,40,275.089,96,0,1,1,25,2,0,0,1,0,0,1,0
719,6,2,179,26,9,30,275.089,96,0,0,0,19,3,0,1,0,1,0,0,0
720,6,2,118,10,10,37,275.089,96,0,0,0,28,3,0,0,1,1,0,0,0
721,6,5,233,51,1,31,275.089,96,0,1,8,21,8,0,0,1,1,0,0,0
722,6,6,118,10,10,37,275.089,96,0,0,0,28,2,0,1,0,1,0,0,0
723,6,4,118,10,10,37,275.089,96,0,0,0,28,3,0,1,0,1,0,0,0
724,6,4,233,51,1,31,275.089,96,0,1,8,21,3,0,0,1,1,0,0,0
725,7,4,235,20,13,43,264.60400000000004,93,0,1,0,38,4,0,0,1,1,0,0,0
726,7,6,233,51,1,31,264.60400000000004,93,0,1,8,21,2,0,1,0,1,0,0,0
727,7,2,228,14,16,58,264.60400000000004,93,0,2,1,22,8,0,1,0,1,0,0,0
728,7,2,118,10,10,37,264.60400000000004,93,0,0,0,28,4,0,0,1,1,0,0,0
730,7,3,189,29,13,33,264.60400000000004,93,0,2,2,25,16,0,0,1,1,0,0,0
731,7,4,118,10,10,37,264.60400000000004,93,0,0,0,28,2,0,0,1,1,0,0,0
732,7,4,361,52,3,28,264.60400000000004,93,0,1,4,27,8,0,0,1,1,0,0,0
733,7,4,225,26,9,28,264.60400000000004,93,0,1,2,24,8,0,0,1,1,0,0,0
735,7,3,289,36,13,33,264.60400000000004,93,0,2,1,30,8,0,1,0,1,0,0,0
736,7,3,235,11,14,37,264.60400000000004,93,0,1,1,29,4,0,1,0,1,0,0,0
737,0,3,118,14,13,40,271.219,95,0,1,8,34,0,1,0,0,1,0,0,0
738,0,4,231,35,14,39,271.219,95,0,2,2,35,0,1,0,0,0,1,0,0
739,0,6,179,45,14,53,271.219,95,0,1,1,25,0,1,0,0,0,0,1,0
